{
  "results": [
    {
      "id": 0,
      "info": "Results of acuity ETDRS test"
    },
    {
      "info": {
        "eyes": {
          "myopia": {
            "right": true,
            "left": true,
            "exactLeft": -2.75,
            "exactRight": -3.25
          },
          "hyperopia": {},
          "astigmatism": {
            "right": true,
            "exactLeft": 0.5,
            "exactRight": 0.5
          }
        },
        "age": 22,
        "gender": "Kobieta",
        "acuity": [
          [
            440,
            2.7755575615628914e-17
          ],
          [
            460,
            -0.13999999999999999
          ],
          [
            580,
            -0.3
          ],
          [
            560,
            -0.3
          ],
          [
            410,
            2.0816681711721685e-17
          ],
          [
            660,
            -0.3
          ],
          [
            520,
            -0.27999999999999997
          ],
          [
            570,
            -0.3
          ],
          [
            420,
            0.02000000000000002
          ],
          [
            680,
            -0.19999999999999998
          ],
          [
            640,
            -0.3
          ],
          [
            480,
            -0.27999999999999997
          ],
          [
            690,
            0.020000000000000018
          ],
          [
            600,
            -0.3
          ],
          [
            540,
            -0.38000000000000006
          ],
          [
            500,
            -0.32
          ],
          [
            620,
            -0.27999999999999997
          ]
        ]
      },
      "id": 1
    },
    {
      "info": {
        "eyes": {
          "myopia": {
            "left": true,
            "right": true,
            "exactLeft": -0.5,
            "exactRight": -2.5
          },
          "hyperopia": {},
          "astigmatism": {},
          "extra": "nieskorygowany astygmatyzm (stare okulary)"
        },
        "age": 25,
        "gender": "Mężczyzna",
        "acuity": [
          [
            440,
            -0.11999999999999998
          ],
          [
            520,
            -0.36000000000000004
          ],
          [
            420,
            -0.07999999999999997
          ],
          [
            580,
            -0.4800000000000001
          ],
          [
            690,
            0.060000000000000026
          ],
          [
            560,
            -0.34
          ],
          [
            680,
            2.0816681711721685e-17
          ],
          [
            640,
            -0.23999999999999996
          ],
          [
            600,
            -0.3
          ],
          [
            660,
            -0.19999999999999996
          ],
          [
            620,
            -0.27999999999999997
          ],
          [
            540,
            -0.27999999999999997
          ],
          [
            480,
            -0.25999999999999995
          ],
          [
            410,
            0.04000000000000002
          ],
          [
            570,
            -0.38000000000000006
          ],
          [
            500,
            -0.3
          ],
          [
            460,
            -0.27999999999999997
          ]
        ]
      },
      "id": 2
    }
  ]
}